{
  "id": "kit_carson",
  "name": "Kit Carson",
  "loc": [
    33.079323,
    -117.058426
  ],
  "holes": {
    "1": {
      "tees": {
        "reg": [33.07934198992949,-117.0585809672133]
      },
      "pins": {
        "A": [
          33.079936,
          -117.057793
        ],
        "B": [
          33.080083,
          -117.0576
        ],
        "C": [
          33.079653,
          -117.05775
        ]
      },
      "pars": {
        "reg": {
          "A": 3,
          "B": 3,
          "C": 3
        }
      }
    },
    "2": {
      "tees": {
        "reg": [
          33.079671,
          -117.057614
        ]
      },
      "pins": {
        "A": [
          33.078936,
          -117.057858
        ],
        "B": [
          33.078795,
          -117.057442
        ],
        "C": [
          33.078599,
          -117.057485
        ]
      },
      "pars": {
        "reg": {
          "A": 3,
          "B": 3,
          "C": 3
        }
      }
    },
    "3": {
      "tees": {
        "reg": [33.07935409007966,-117.05728635189462],
        "pro": [33.07897283768283,-117.0574061335227]
      },
      "pins": {
        "A": [33.08031714643687,-117.0574406474757],
        "B": [
          33.080702,
          -117.057448
        ]
      },
      "pars": {
        "pro": {
          "A": 3,
          "B": 4
        },
        "reg": {
          "A": 3,
          "B": 4
        }
      }
    },
    "4": {
      "tees": {
        "reg": [
          33.08042,
          -117.057761
        ],
        "pro": [33.08063834329562,-117.0576627217005]
      },
      "pins": {
        "A": [
          33.079869,
          -117.058426
        ],
        "B": [
          33.079462,
          -117.05878
        ]
      },
      "pars": {
        "reg": {
          "A": 3,
          "B": 4
        },
        "pro": {
          "A": 3,
          "B": 4
        }
      }
    },
    "5": {
      "tees": {
        "reg": [33.07930511912369,-117.0593207312560],
        "pro": [33.07927972157451,-117.05892856065427]
      },
      "pins": {
        "A": [33.07915384604206,-117.06019683415755]
      },
      "pars": {
        "reg": {
          "A": 3
        },
        "pro": {
          "A": 3
        }
      }
    },
    "6": {
      "tees": {
        "reg": [33.080846491062644,-117.06109791669418]
      },
      "pins": {
        "A": [
          33.081402,
          -117.061125
        ]
      },
      "pars": {
        "reg": {
          "A": 3
        }
      }
    },
    "7": {
      "tees": {
        "reg": [
          33.081498,
          -117.060881
        ]
      },
      "pins": {
        "A": [33.08209232253252,-117.0610898686287]
      },
      "pars": {
        "reg": {
          "A": 3
        }
      }
    },
    "8": {
      "tees": {
        "reg": [33.082238956647316,-117.06101766144]
      },
      "pins": {
        "A": [
          33.082899,
          -117.060744
        ]
      },
      "pars": {
        "reg": {
          "A": 3
        }
      }
    },
    "9": {
      "tees": {
        "reg": [
          33.083465,
          -117.060996
        ]
      },
      "pins": {
        "A": [
          33.084126,
          -117.061307
        ]
      },
      "pars": {
        "reg": {
          "A": 3
        }
      }
    },
    "10": {
      "tees": {
        "reg": [33.08445808195724,-117.06133855628859]
      },
      "pins": {
        "A": [
          33.083696,
          -117.061661
        ]
      },
      "pars": {
        "reg": {
          "A": 3
        }
      }
    },
    "11": {
      "tees": {
        "reg": [33.083424442195266,-117.06186585437682]
      },
      "pins": {
        "A": [
          33.084532,
          -117.061685
        ],
        "B": [
          33.084673,
          -117.061776
        ],
        "C": [
          33.084811,
          -117.061664
        ],
        "D": [33.084823253487784,-117.06155071948325]
      },
      "pars": {
        "reg": {
          "A": 4,
          "B": 4,
          "C": 4,
          "D": 4
        }
      }
    },
    "12": {
      "tees": {
        "reg": [33.084650015704355,-117.06199059493724]
      },
      "pins": {
        "A": [
          33.084051,
          -117.062324
        ],
        "B": [33.08391797645079,-117.0622400139727]
      },
      "pars": {
        "reg": {
          "A": 3,
          "B": 3
        }
      }
    },
    "13": {
      "tees": {
        "reg": [33.0837066115668,-117.06224474563834]
      },
      "pins": {
        "A": [
          33.082782,
          -117.062002
        ],
        "B": [33.082875515080644,-117.0618177284946],
        "C": [
          33.082548,
          -117.062077
        ]
      },
      "pars": {
        "reg": {
          "A": 3,
          "B": 3,
          "C": 3
        }
      }
    },
    "14": {
      "tees": {
        "reg": [33.082460270968,-117.06134658578345]
      },
      "pins": {
        "A": [33.08148796398724,-117.06126188696041],
        "B": [
          33.081161,
          -117.061275
        ]
      },
      "pars": {
        "reg": {
          "A": 3,
          "B": 4
        }
      }
    },
    "15": {
      "tees": {
        "reg": [
          33.081755,
          -117.061564
        ]
      },
      "pins": {
        "A": [
          33.081031,
          -117.061776
        ]
      },
      "pars": {
        "reg": {
          "A": 3
        }
      }
    },
    "16": {
      "tees": {
        "reg": [
          33.081177,
          -117.062125
        ]
      },
      "pins": {
        "A": [
          33.080501,
          -117.062514
        ],
        "B": [
          33.080606,
          -117.062871
        ]
      },
      "pars": {
        "reg": {
          "A": 3,
          "B": 3
        }
      }
    },
    "17": {
      "tees": {
        "reg": [
          33.080489,
          -117.062235
        ]
      },
      "pins": {
        "A": [
          33.079835,
          -117.062358
        ],
        "B": [33.079869489230035,-117.06252798733289
        ]
      },
      "pars": {
        "reg": {
          "A": 3,
          "B": 3
        }
      }
    },
    "18": {
      "tees": {
        "reg": [33.07957270571798,-117.06243703733503]
      },
      "pins": {
        "A": [
          33.079357,
          -117.061446
        ],
        "B": [
          33.079534,
          -117.061299
        ]
      },
      "pars": {
        "reg": {
          "A": 3,
          "B": 3
        }
      }
    }
  }
}
