{
  "id": "mast_park",
  "name": "Mast Park",
  "loc": [
    32.8454582434132,
    -116.994456075459
  ],
  "holes": {
    "1": {
      "tees": {
        "A": [
          32.8454582434132,
          -116.994456075459
        ],
        "B": [
          32.8454493538432,
          -116.994316461522
        ]
      },
      "pins": {
        "X": [
          32.8458665578075,
          -116.993756972411
        ]
      },
      "pars": {
        "A": {
          "X": 3
        },
        "B": {
          "X": 3
        }
      }
    },
    "2": {
      "tees": {
        "A": [
          32.8458050349678,
          -116.993636951827
        ],
        "B": [
          32.8459218760617,
          -116.99341911631
        ]
      },
      "pins": {
        "X": [
          32.8463846695666,
          -116.992853992301
        ]
      },
      "pars": {
        "A": {
          "X": 3
        },
        "B": {
          "X": 3
        }
      }
    },
    "3": {
      "tees": {
        "A": [
          32.8460867709988,
          -116.992731789513
        ],
        "B": [
          32.8464456393379,
          -116.99263389279
        ]
      },
      "pins": {
        "X": [
          32.8471213491573,
          -116.992070123085
        ]
      },
      "pars": {
        "A": {
          "X": 3
        },
        "B": {
          "X": 3
        }
      }
    },
    "4": {
      "tees": {
        "A": [
          32.8470243797779,
          -116.991712257958
        ],
        "B": [
          32.8471319594493,
          -116.991839446552
        ]
      },
      "pins": {
        "X": [
          32.8475673784539,
          -116.991550307678
        ]
      },
      "pars": {
        "A": {
          "X": 3
        },
        "B": {
          "X": 3
        }
      }
    },
    "5": {
      "tees": {
        "A": [
          32.8469922296439,
          -116.991471992693
        ],
        "B": [
          32.8468521723028,
          -116.991365058939
        ]
      },
      "pins": {
        "X": [
          32.8462801895911,
          -116.991475024164
        ]
      },
      "pars": {
        "A": {
          "X": 3
        },
        "B": {
          "X": 3
        }
      }
    },
    "6": {
      "tees": {
        "A": [
          32.8460833117752,
          -116.991363366209
        ],
        "B": [
          32.8458914012933,
          -116.991377537755
        ]
      },
      "pins": {
        "X": [
          32.845120624258,
          -116.992124519221
        ]
      },
      "pars": {
        "A": {
          "X": 3
        },
        "B": {
          "X": 3
        }
      }
    },
    "7": {
      "tees": {
        "A": [
          32.8450582662479,
          -116.992513878351
        ],
        "B": [
          32.8451246634225,
          -116.992329032978
        ]
      },
      "pins": {
        "X": [
          32.8455600430377,
          -116.992117850963
        ]
      },
      "pars": {
        "A": {
          "X": 3
        },
        "B": {
          "X": 3
        }
      }
    },
    "8": {
      "tees": {
        "A": [
          32.8456727625133,
          -116.991881295148
        ],
        "B": [
          32.8458683041516,
          -116.991762421619
        ]
      },
      "pins": {
        "X": [
          32.8464898833495,
          -116.991698959938
        ]
      },
      "pars": {
        "A": {
          "X": 3
        },
        "B": {
          "X": 3
        }
      }
    },
    "9": {
      "tees": {
        "A": [
          32.846568106573,
          -116.992066247611
        ],
        "B": [
          32.8463950243705,
          -116.992191173833
        ]
      },
      "pins": {
        "X": [
          32.8458275899692,
          -116.992265828452
        ]
      },
      "pars": {
        "A": {
          "X": 3
        },
        "B": {
          "X": 3
        }
      }
    }
  }
}
