{
  "id": "sunset_park",
  "name": "Sunset Park Las Vegas",
  "loc": [
    36.0687338130997,
    -115.116774758616
  ],
  "holes": {
    "1": {
      "tees": {
        "reg": [
          36.0687338130997,
          -115.116774758616
        ]
      },
      "pins": {
        "X": [
          36.0687171848732,
          -115.1177826396
        ]
      },
      "pars": {
        "reg": {
          "X": 3
        }
      }
    },
    "2": {
      "tees": {
        "reg": [
          36.0689456306163,
          -115.117811982929
        ]
      },
      "pins": {
        "X": [
          36.0698362436029,
          -115.117804552763
        ]
      },
      "pars": {
        "reg": {
          "X": 3
        }
      }
    },
    "3": {
      "tees": {
        "reg": [
          36.0701293389585,
          -115.117172338546
        ]
      },
      "pins": {
        "X": [
          36.0700074767599,
          -115.116166078081
        ]
      },
      "pars": {
        "reg": {
          "X": 3
        }
      }
    },
    "4": {
      "tees": {
        "reg": [
          36.0696274313334,
          -115.11550241566
        ]
      },
      "pins": {
        "X": [
          36.0708337478393,
          -115.115427627837
        ]
      },
      "pars": {
        "reg": {
          "X": 3
        }
      }
    },
    "5": {
      "tees": {
        "reg": [
          36.0706734930568,
          -115.115061812131
        ]
      },
      "pins": {
        "X": [
          36.0709102205037,
          -115.114320501088
        ]
      },
      "pars": {
        "reg": {
          "X": 3
        }
      }
    },
    "6": {
      "tees": {
        "reg": [
          36.0709105677883,
          -115.114057285605
        ]
      },
      "pins": {
        "X": [
          36.070645390459,
          -115.112983624535
        ]
      },
      "pars": {
        "reg": {
          "X": 3
        }
      }
    },
    "7": {
      "tees": {
        "reg": [
          36.0705362438631,
          -115.113221128547
        ]
      },
      "pins": {
        "X": [
          36.0709219484175,
          -115.114316928918
        ]
      },
      "pars": {
        "reg": {
          "X": 3
        }
      }
    },
    "8": {
      "tees": {
        "reg": [
          36.0706890279416,
          -115.115872291489
        ]
      },
      "pins": {
        "X": [
          36.0699149198531,
          -115.115806151535
        ]
      },
      "pars": {
        "reg": {
          "X": 3
        }
      }
    },
    "9": {
      "tees": {
        "reg": [
          36.0701364232451,
          -115.11607817572
        ]
      },
      "pins": {
        "X": [
          36.0705592474717,
          -115.117119524747
        ]
      },
      "pars": {
        "reg": {
          "X": 3
        }
      }
    },
    "10": {
      "tees": {
        "reg": [
          36.070289401547,
          -115.117305144701
        ]
      },
      "pins": {
        "X": [
          36.0713802799366,
          -115.117306906786
        ]
      },
      "pars": {
        "reg": {
          "X": 3
        }
      }
    },
    "11": {
      "tees": {
        "reg": [
          36.0713979590682,
          -115.117637539088
        ]
      },
      "pins": {
        "X": [
          36.0702435416908,
          -115.117656891632
        ]
      },
      "pars": {
        "reg": {
          "X": 3
        }
      }
    },
    "12": {
      "tees": {
        "reg": [
          36.0701715989033,
          -115.117434210318
        ]
      },
      "pins": {
        "X": [
          36.0698278269474,
          -115.118421571201
        ]
      },
      "pars": {
        "reg": {
          "X": 3
        }
      }
    },
    "13": {
      "tees": {
        "reg": [
          36.0697157322202,
          -115.118400337045
        ]
      },
      "pins": {
        "X": [
          36.0689350172688,
          -115.11825951917
        ]
      },
      "pars": {
        "reg": {
          "X": 3
        }
      }
    },
    "14": {
      "tees": {
        "reg": [
          36.0688827045167,
          -115.118369376879
        ]
      },
      "pins": {
        "X": [
          36.0680157059049,
          -115.118324008641
        ]
      },
      "pars": {
        "reg": {
          "X": 3
        }
      }
    },
    "15": {
      "tees": {
        "reg": [
          36.067600846338,
          -115.117378134872
        ]
      },
      "pins": {
        "X": [
          36.0673931038201,
          -115.118274748871
        ]
      },
      "pars": {
        "reg": {
          "X": 3
        }
      }
    },
    "16": {
      "tees": {
        "reg": [
          36.0671216681256,
          -115.118019139415
        ]
      },
      "pins": {
        "X": [
          36.0657688438175,
          -115.118217718661
        ]
      },
      "pars": {
        "reg": {
          "X": 3
        }
      }
    },
    "17": {
      "tees": {
        "reg": [
          36.0656274881286,
          -115.118196619586
        ]
      },
      "pins": {
        "X": [
          36.0648103770585,
          -115.118170091434
        ]
      },
      "pars": {
        "reg": {
          "X": 3
        }
      }
    },
    "18": {
      "tees": {
        "reg": [
          36.064578349008,
          -115.117770421984
        ]
      },
      "pins": {
        "X": [
          36.0642685029669,
          -115.116445955762
        ]
      },
      "pars": {
        "reg": {
          "X": 3
        }
      }
    },
    "19": {
      "tees": {
        "reg": [
          36.0645333758049,
          -115.116517368175
        ]
      },
      "pins": {
        "X": [
          36.0642843350604,
          -115.114797753856
        ]
      },
      "pars": {
        "reg": {
          "X": 4
        }
      }
    },
    "20": {
      "tees": {
        "reg": [
          36.0644346038904,
          -115.1148205995
        ]
      },
      "pins": {
        "X": [
          36.0647329296225,
          -115.115891894468
        ]
      },
      "pars": {
        "reg": {
          "X": 3
        }
      }
    },
    "21": {
      "tees": {
        "reg": [
          36.0645594830292,
          -115.116553185344
        ]
      },
      "pins": {
        "X": [
          36.0650931525442,
          -115.117591373451
        ]
      },
      "pars": {
        "reg": {
          "X": 3
        }
      }
    },
    "22": {
      "tees": {
        "reg": [
          36.0645308969242,
          -115.117871542151
        ]
      },
      "pins": {
        "X": [
          36.0655706623959,
          -115.117943565894
        ]
      },
      "pars": {
        "reg": {
          "X": 3
        }
      }
    },
    "23": {
      "tees": {
        "reg": [
          36.0660990811117,
          -115.117837460245
        ]
      },
      "pins": {
        "X": [
          36.0672030733255,
          -115.117743300141
        ]
      },
      "pars": {
        "reg": {
          "X": 3
        }
      }
    },
    "24": {
      "tees": {
        "reg": [
          36.0666276033457,
          -115.117424916409
        ]
      },
      "pins": {
        "X": [
          36.06745032832,
          -115.117485290787
        ]
      },
      "pars": {
        "reg": {
          "X": 3
        }
      }
    }
  }
}
