{
  "id": "wild_horse",
  "name": "Wild Horse Las Vegas",
  "loc": [
    36.0602261543575,
    -115.081569338609
  ],
  "holes": {
    "1": {
      "tees": {
        "reg": [
          36.0602261543575,
          -115.081569338609
        ]
      },
      "pins": {
        "X": [
          36.06119506297,
          -115.080764079002
        ]
      },
      "pars": {
        "reg": {
          "X": 3
        }
      }
    },
    "2": {
      "tees": {
        "reg": [
          36.0612820338445,
          -115.080564828254
        ]
      },
      "pins": {
        "X": [
          36.0630201488201,
          -115.081370877482
        ]
      },
      "pars": {
        "reg": {
          "X": 4
        }
      }
    },
    "3": {
      "tees": {
        "reg": [
          36.0631392858526,
          -115.081085674339
        ]
      },
      "pins": {
        "X": [
          36.0624246837162,
          -115.0803237725
        ]
      },
      "pars": {
        "reg": {
          "X": 3
        }
      }
    },
    "4": {
      "tees": {
        "reg": [
          36.0628451598738,
          -115.080375088576
        ]
      },
      "pins": {
        "X": [
          36.0636625458577,
          -115.080795150747
        ]
      },
      "pars": {
        "reg": {
          "X": 3
        }
      }
    },
    "5": {
      "tees": {
        "reg": [
          36.0639315243097,
          -115.080733687008
        ]
      },
      "pins": {
        "X": [
          36.06476322056,
          -115.079538241833
        ]
      },
      "pars": {
        "reg": {
          "X": 3
        }
      }
    },
    "6": {
      "tees": {
        "reg": [
          36.0648159566318,
          -115.080316422435
        ]
      },
      "pins": {
        "X": [
          36.0649827766071,
          -115.077834792003
        ]
      },
      "pars": {
        "reg": {
          "X": 4
        }
      }
    },
    "7": {
      "tees": {
        "reg": [
          36.0655140360113,
          -115.078500119174
        ]
      },
      "pins": {
        "X": [
          36.0652950068765,
          -115.07699586892
        ]
      },
      "pars": {
        "reg": {
          "X": 3
        }
      }
    },
    "8": {
      "tees": {
        "reg": [
          36.065604466716,
          -115.077661955335
        ]
      },
      "pins": {
        "X": [
          36.0660551450004,
          -115.076311026978
        ]
      },
      "pars": {
        "reg": {
          "X": 3
        }
      }
    },
    "9": {
      "tees": {
        "reg": [
          36.0657353844476,
          -115.076053931632
        ]
      },
      "pins": {
        "X": [
          36.0647562933374,
          -115.076798480389
        ]
      },
      "pars": {
        "reg": {
          "X": 3
        }
      }
    },
    "10": {
      "tees": {
        "reg": [
          36.0647362633511,
          -115.076224483686
        ]
      },
      "pins": {
        "X": [
          36.0639091042255,
          -115.07704256257
        ]
      },
      "pars": {
        "reg": {
          "X": 3
        }
      }
    },
    "11": {
      "tees": {
        "reg": [
          36.0636541354263,
          -115.076440250277
        ]
      },
      "pins": {
        "X": [
          36.0630267756722,
          -115.077396711982
        ]
      },
      "pars": {
        "reg": {
          "X": 3
        }
      }
    },
    "12": {
      "tees": {
        "reg": [
          36.063168545341,
          -115.077793675825
        ]
      },
      "pins": {
        "X": [
          36.064862022007,
          -115.077192878224
        ]
      },
      "pars": {
        "reg": {
          "X": 4
        }
      }
    },
    "13": {
      "tees": {
        "reg": [
          36.0646926545781,
          -115.077826475813
        ]
      },
      "pins": {
        "X": [
          36.0625091099947,
          -115.079565369477
        ]
      },
      "pars": {
        "reg": {
          "X": 5
        }
      }
    },
    "14": {
      "tees": {
        "reg": [
          36.0621806764105,
          -115.078914255485
        ]
      },
      "pins": {
        "X": [
          36.0620937699303,
          -115.080163241036
        ]
      },
      "pars": {
        "reg": {
          "X": 3
        }
      }
    },
    "15": {
      "tees": {
        "reg": [
          36.0615114438209,
          -115.079549270764
        ]
      },
      "pins": {
        "X": [
          36.0621566276257,
          -115.077607801548
        ]
      },
      "pars": {
        "reg": {
          "X": 4
        }
      }
    },
    "16": {
      "tees": {
        "reg": [
          36.0621958668594,
          -115.077410667875
        ]
      },
      "pins": {
        "X": [
          36.0622391977722,
          -115.076130495246
        ]
      },
      "pars": {
        "reg": {
          "X": 3
        }
      }
    }
  }
}
